<?xml version="1.0" encoding="UTF-8"?><Invoice xmlns="urn:oasis:names:specification:ubl:schema:xsd:Invoice-2" xmlns:cac="urn:oasis:names:specification:ubl:schema:xsd:CommonAggregateComponents-2" xmlns:cbc="urn:oasis:names:specification:ubl:schema:xsd:CommonBasicComponents-2" xmlns:ext="urn:oasis:names:specification:ubl:schema:xsd:CommonExtensionComponents-2" xmlns:ns6="urn:oasis:names:specification:ubl:schema:xsd:SignatureBasicComponents-2" xmlns:ns7="http://www.w3.org/2000/09/xmldsig#" xmlns:ns8="urn:oasis:names:specification:ubl:schema:xsd:SignatureAggregateComponents-2" xmlns:ns9="urn:oasis:names:specification:ubl:schema:xsd:CommonSignatureComponents-2" xmlns:sac="urn:sunat:names:specification:ubl:peru:schema:xsd:SunatAggregateComponents-1">
    <ext:UBLExtensions>
        <ext:UBLExtension>
            <ext:ExtensionContent>
                <sac:AdditionalInformation/>
            </ext:ExtensionContent>
        </ext:UBLExtension>
        <ext:UBLExtension>
            <ext:ExtensionContent><ds:Signature xmlns:ds="http://www.w3.org/2000/09/xmldsig#" Id="signer20510910517"><ds:SignedInfo><ds:CanonicalizationMethod Algorithm="http://www.w3.org/TR/2001/REC-xml-c14n-20010315"/><ds:SignatureMethod Algorithm="http://www.w3.org/2000/09/xmldsig#rsa-sha1"/><ds:Reference URI=""><ds:Transforms><ds:Transform Algorithm="http://www.w3.org/2000/09/xmldsig#enveloped-signature"/></ds:Transforms><ds:DigestMethod Algorithm="http://www.w3.org/2000/09/xmldsig#sha1"/><ds:DigestValue>wUDRkjiXCfif3f6fmJ3uVtpfU/c=</ds:DigestValue></ds:Reference></ds:SignedInfo><ds:SignatureValue>AJdgZMMpvo78vFmk9sz1nbljjqU3bEc0ZPvDw5J/mbqgauhV5qDoObgtQCvYykh4cqs0NQaq8Rcq&#13;
SDOky6rj2VcrylprSJnXGsbCUABmk2IbvyopgEBTw9p44wGMLmGwCpxm1L6W6CFzoiNIbkhulF4w&#13;
JQt89RMf1sa7E3yfkqI=</ds:SignatureValue><ds:KeyInfo><ds:X509Data><ds:X509Certificate>MIID+TCCAuGgAwIBAgIKYZQ4RwAAAAAA0jANBgkqhkiG9w0BAQUFADAnMRUwEwYKCZImiZPyLGQB&#13;
GRYFU1VOQVQxDjAMBgNVBAMTBVNVTkFUMB4XDTEzMDUxNzE4MTUwM1oXDTE0MDUxNzE4MjUwM1ow&#13;
gaQxCzAJBgNVBAYTAlBFMQ0wCwYDVQQIEwRMSU1BMQ0wCwYDVQQHEwRMSU1BMSUwIwYDVQQKExxB&#13;
TEZBMUxBQiBMQVRJTiBBTUVSSUNBIFMuQS5DMRQwEgYDVQQLEwsyMDUxODQyMDgxMTEXMBUGA1UE&#13;
AxMOSm9yZ2UgUmVhdGVndWkxITAfBgkqhkiG9w0BCQEWEmpvcmdlQGFsZmExbGFiLmNvbTCBnzAN&#13;
BgkqhkiG9w0BAQEFAAOBjQAwgYkCgYEAtwMhq+qBQF2Cl1T2ojBkWAaCgEomO9Uu3n0NjNdYzL2h&#13;
Jr5rXu3GmVtj7GW8yYKmInfj3zg0joqtCqvVMF77ptXXnuP85O7r54OcRxiSybmszphQDc8sLl1H&#13;
DdXLFgRhcIxpvpLAtGGwloeaIMLq4PuaOS30jVEgeTxmATYD1osCAwEAAaOCASswggEnMA4GA1Ud&#13;
DwEB/wQEAwIE8DBEBgkqhkiG9w0BCQ8ENzA1MA4GCCqGSIb3DQMCAgIAgDAOBggqhkiG9w0DBAIC&#13;
AIAwBwYFKw4DAgcwCgYIKoZIhvcNAwcwHQYDVR0OBBYEFJvm9VgC1BIcMMheUtOtipSKTMO8MBMG&#13;
A1UdJQQMMAoGCCsGAQUFBwMCMB8GA1UdIwQYMBaAFN9kHQDqWONmozw3xdNSIMFW2t+7MDMGA1Ud&#13;
HwQsMCowKKAmoCSGImh0dHA6Ly9wY2IyMjYvQ2VydEVucm9sbC9TVU5BVC5jcmwwRQYIKwYBBQUH&#13;
AQEEOTA3MDUGCCsGAQUFBzAChilodHRwOi8vcGNiMjI2L0NlcnRFbnJvbGwvcGNiMjI2X1NVTkFU&#13;
LmNydDANBgkqhkiG9w0BAQUFAAOCAQEAmr097s/nQw3Ji63oHXsKYA2IunGghE3PuYs/B/qNnauQ&#13;
Ah8g1MjROtvZHImMH5FSn6s5MibxjcAMcbsaoZfE4JbSbbb1NhdRLN7Gi40qTXZktQOYY5fwm1dc&#13;
1wJYGjT+0mmXCjzOJC73mJXnCG2xd1v1cFSjkyDpEqxWyYISxM3s11cASJuYEEtgCqnprnLVq5Xt&#13;
PLGeeIBnzjEZsVjkYEiqo4SC0MjxyQlNw9wzhSj61fVbd5bXCWGIATN6RvPVfyb1sfblbv3hIBOI&#13;
4w0decjmWPe43r7G1TbcUaaPkm0PVAv/qIBGu9zUwv6DPNKNPHoJ/elM9MddpRgEj6O35w==</ds:X509Certificate></ds:X509Data></ds:KeyInfo></ds:Signature></ext:ExtensionContent>
        </ext:UBLExtension>
    </ext:UBLExtensions>
    <cbc:UBLVersionID>2.1</cbc:UBLVersionID>
    <cbc:CustomizationID>2.0</cbc:CustomizationID>
    <cbc:ProfileID schemeAgencyName="PE:SUNAT" schemeName="Tipo de Operacion" schemeURI="urn:pe:gob:sunat:cpe:see:gem:catalogos:catalogo51">2001</cbc:ProfileID>
    <cbc:ID>F999-10002060</cbc:ID>
    <cbc:UUID>123123</cbc:UUID>
    <cbc:IssueDate>2023-09-08</cbc:IssueDate>
    <cbc:IssueTime>13:51:08</cbc:IssueTime>
    <cbc:DueDate>2023-09-08</cbc:DueDate>
    <cbc:InvoiceTypeCode listAgencyName="PE:SUNAT" listID="2001" listName="Tipo de Documento" listSchemeURI="urn:pe:gob:sunat:cpe:see:gem:catalogos:catalogo51" listURI="urn:pe:gob:sunat:cpe:see:gem:catalogos:catalogo01" name="Tipo de Operacion">01</cbc:InvoiceTypeCode>
    <cbc:Note languageLocaleID="1000">SEISMIL NOVECIENTOS TREINTA Y SIETE Y 68/100 NUEVOS SOLES</cbc:Note>
    <cbc:Note languageLocaleID="2000">COMPROBANTE DE PERCEPCIÓN</cbc:Note>
    <cbc:DocumentCurrencyCode listAgencyName="United Nations Economic Commission for Europe" listID="ISO 4217 Alpha" listName="Currency">PEN</cbc:DocumentCurrencyCode>
    <cbc:LineCountNumeric>3</cbc:LineCountNumeric>
    <cac:Signature>
        <cbc:ID>signer20510910517</cbc:ID>
        <cac:SignatoryParty>
            <cac:PartyIdentification>
                <cbc:ID>20510910517</cbc:ID>
            </cac:PartyIdentification>
            <cac:PartyName>
                <cbc:Name>PRUEBAS CDR OBSERVADOS</cbc:Name>
            </cac:PartyName>
        </cac:SignatoryParty>
        <cac:DigitalSignatureAttachment>
            <cac:ExternalReference>
                <cbc:URI>#signer20510910517</cbc:URI>
            </cac:ExternalReference>
        </cac:DigitalSignatureAttachment>
    </cac:Signature>
    <cac:AccountingSupplierParty>
        <cac:Party>
            <cac:PartyIdentification>
                <cbc:ID schemeAgencyName="PE:SUNAT" schemeID="6" schemeName="Documento de Identidad" schemeURI="urn:pe:gob:sunat:cpe:see:gem:catalogos:catalogo06">20510910517</cbc:ID>
            </cac:PartyIdentification>
            <cac:PartyName>
                <cbc:Name>FE PRUEBA</cbc:Name>
            </cac:PartyName>
            <cac:PartyLegalEntity>
                <cbc:RegistrationName>PRUEBAS CDR OBSERVADOS</cbc:RegistrationName>
                <cac:RegistrationAddress>
                    <cbc:ID schemeAgencyName="PE:INEI" schemeName="Ubigeos">150122</cbc:ID>
                    <cbc:AddressTypeCode listAgencyName="PE:SUNAT" listName="Establecimientos anexos">0000</cbc:AddressTypeCode>
                    <cbc:CityName>LIMA</cbc:CityName>
                    <cbc:CountrySubentity>LIMA</cbc:CountrySubentity>
                    <cbc:District>MIRAFLORES</cbc:District>
                    <cac:AddressLine>
                        <cbc:Line>JR. BOLOGNESI NRO. 125 OFICINA 1103 MIRAFLORES LIMA</cbc:Line>
                    </cac:AddressLine>
                    <cac:Country>
                        <cbc:IdentificationCode listAgencyName="United Nations Economic Commission for Europe" listID="ISO 3166-1" listName="Country">PE</cbc:IdentificationCode>
                    </cac:Country>
                </cac:RegistrationAddress>
            </cac:PartyLegalEntity>
        </cac:Party>
    </cac:AccountingSupplierParty>
    <cac:AccountingCustomerParty>
        <cac:Party>
            <cac:PartyIdentification>
                <cbc:ID schemeAgencyName="PE:SUNAT" schemeID="6" schemeName="Documento de Identidad" schemeURI="urn:pe:gob:sunat:cpe:see:gem:catalogos:catalogo06">10740698341</cbc:ID>
            </cac:PartyIdentification>
            <cac:PartyName>
                <cbc:Name>Gerson Salazar B</cbc:Name>
            </cac:PartyName>
            <cac:PartyLegalEntity>
                <cbc:RegistrationName>Gerson Salazar B</cbc:RegistrationName>
            </cac:PartyLegalEntity>
        </cac:Party>
    </cac:AccountingCustomerParty>
    <cac:PaymentTerms>
        <cbc:ID>FormaPago</cbc:ID>
        <cbc:PaymentMeansID>Contado</cbc:PaymentMeansID>
    </cac:PaymentTerms>
    <cac:PaymentTerms>
        <cbc:ID>Percepcion</cbc:ID>
        <cbc:Amount currencyID="PEN">6937.68</cbc:Amount>
    </cac:PaymentTerms>
    <cac:AllowanceCharge>
        <cbc:ChargeIndicator>true</cbc:ChargeIndicator>
        <cbc:AllowanceChargeReasonCode listAgencyName="PE:SUNAT" listName="Cargo/descuento" listURI="urn:pe:gob:sunat:cpe:see:gem:catalogos:catalogo53">51</cbc:AllowanceChargeReasonCode>
        <cbc:MultiplierFactorNumeric>0.02000</cbc:MultiplierFactorNumeric>
        <cbc:Amount currencyID="PEN">136.03</cbc:Amount>
        <cbc:BaseAmount currencyID="PEN">6801.65</cbc:BaseAmount>
    </cac:AllowanceCharge>
    <cac:TaxTotal>
        <cbc:TaxAmount currencyID="PEN">1037.54</cbc:TaxAmount>
        <cac:TaxSubtotal>
            <cbc:TaxableAmount currencyID="PEN">5764.11</cbc:TaxableAmount>
            <cbc:TaxAmount currencyID="PEN">1037.54</cbc:TaxAmount>
            <cac:TaxCategory>
                <cbc:ID schemeAgencyName="United Nations Economic Commission for Europe" schemeID="UN/ECE 5305" schemeName="Tax Category Identifier">S</cbc:ID>
                <cac:TaxScheme>
                    <cbc:ID schemeAgencyName="PE:SUNAT" schemeName="Codigo de tributos" schemeURI="urn:pe:gob:sunat:cpe:see:gem:catalogos:catalogo05">1000</cbc:ID>
                    <cbc:Name>IGV</cbc:Name>
                    <cbc:TaxTypeCode>VAT</cbc:TaxTypeCode>
                </cac:TaxScheme>
            </cac:TaxCategory>
        </cac:TaxSubtotal>
    </cac:TaxTotal>
    <cac:LegalMonetaryTotal>
        <cbc:LineExtensionAmount currencyID="PEN">5764.11</cbc:LineExtensionAmount>
        <cbc:TaxInclusiveAmount currencyID="PEN">6801.65</cbc:TaxInclusiveAmount>
        <cbc:PayableAmount currencyID="PEN">6801.65</cbc:PayableAmount>
    </cac:LegalMonetaryTotal>
    <cac:InvoiceLine>
        <cbc:ID>1</cbc:ID>
        <cbc:Note>UND</cbc:Note>
        <cbc:InvoicedQuantity unitCode="NIU" unitCodeListAgencyName="United Nations Economic Commission for Europe" unitCodeListID="UN/ECE rec 20">59.0000000000</cbc:InvoicedQuantity>
        <cbc:LineExtensionAmount currencyID="PEN">934.50</cbc:LineExtensionAmount>
        <cac:PricingReference>
            <cac:AlternativeConditionPrice>
                <cbc:PriceAmount currencyID="PEN">18.690000</cbc:PriceAmount>
                <cbc:PriceTypeCode listAgencyName="PE:SUNAT" listName="Tipo de Precio" listURI="urn:pe:gob:sunat:cpe:see:gem:catalogos:catalogo16">01</cbc:PriceTypeCode>
            </cac:AlternativeConditionPrice>
        </cac:PricingReference>
        <cac:AllowanceCharge>
            <cbc:ChargeIndicator>false</cbc:ChargeIndicator>
            <cbc:AllowanceChargeReasonCode listAgencyName="PE:SUNAT" listName="Cargo/descuento" listURI="urn:pe:gob:sunat:cpe:see:gem:catalogos:catalogo53">00</cbc:AllowanceChargeReasonCode>
            <cbc:MultiplierFactorNumeric>0.30000</cbc:MultiplierFactorNumeric>
            <cbc:Amount currencyID="PEN">400.50</cbc:Amount>
            <cbc:BaseAmount currencyID="PEN">1335.00</cbc:BaseAmount>
        </cac:AllowanceCharge>
        <cac:TaxTotal>
            <cbc:TaxAmount currencyID="PEN">168.21</cbc:TaxAmount>
            <cac:TaxSubtotal>
                <cbc:TaxableAmount currencyID="PEN">934.50</cbc:TaxableAmount>
                <cbc:TaxAmount currencyID="PEN">168.21</cbc:TaxAmount>
                <cac:TaxCategory>
                    <cbc:ID schemeAgencyName="United Nations Economic Commission for Europe" schemeID="UN/ECE 5305" schemeName="Tax Category Identifier">S</cbc:ID>
                    <cbc:Percent>18.00</cbc:Percent>
                    <cbc:TaxExemptionReasonCode listAgencyName="PE:SUNAT" listName="Afectacion del IGV" listURI="urn:pe:gob:sunat:cpe:see:gem:catalogos:catalogo07">10</cbc:TaxExemptionReasonCode>
                    <cac:TaxScheme>
                        <cbc:ID schemeAgencyName="PE:SUNAT" schemeName="Codigo de tributos" schemeURI="urn:pe:gob:sunat:cpe:see:gem:catalogos:catalogo05">1000</cbc:ID>
                        <cbc:Name>IGV</cbc:Name>
                        <cbc:TaxTypeCode>VAT</cbc:TaxTypeCode>
                    </cac:TaxScheme>
                </cac:TaxCategory>
            </cac:TaxSubtotal>
        </cac:TaxTotal>
        <cac:Item>
            <cbc:Description>PATCH CORDON DIXON  CAT 6 NEGRO</cbc:Description>
            <cac:SellersItemIdentification>
                <cbc:ID>0080630075</cbc:ID>
            </cac:SellersItemIdentification>
        </cac:Item>
        <cac:Price>
            <cbc:PriceAmount currencyID="PEN">22.6271000000</cbc:PriceAmount>
        </cac:Price>
    </cac:InvoiceLine>
    <cac:InvoiceLine>
        <cbc:ID>2</cbc:ID>
        <cbc:Note>UND</cbc:Note>
        <cbc:InvoicedQuantity unitCode="NIU" unitCodeListAgencyName="United Nations Economic Commission for Europe" unitCodeListID="UN/ECE rec 20">450.0000000000</cbc:InvoicedQuantity>
        <cbc:LineExtensionAmount currencyID="PEN">3885.25</cbc:LineExtensionAmount>
        <cac:PricingReference>
            <cac:AlternativeConditionPrice>
                <cbc:PriceAmount currencyID="PEN">10.190000</cbc:PriceAmount>
                <cbc:PriceTypeCode listAgencyName="PE:SUNAT" listName="Tipo de Precio" listURI="urn:pe:gob:sunat:cpe:see:gem:catalogos:catalogo16">01</cbc:PriceTypeCode>
            </cac:AlternativeConditionPrice>
        </cac:PricingReference>
        <cac:AllowanceCharge>
            <cbc:ChargeIndicator>false</cbc:ChargeIndicator>
            <cbc:AllowanceChargeReasonCode listAgencyName="PE:SUNAT" listName="Cargo/descuento" listURI="urn:pe:gob:sunat:cpe:see:gem:catalogos:catalogo53">00</cbc:AllowanceChargeReasonCode>
            <cbc:MultiplierFactorNumeric>0.28000</cbc:MultiplierFactorNumeric>
            <cbc:Amount currencyID="PEN">1510.93</cbc:Amount>
            <cbc:BaseAmount currencyID="PEN">5396.18</cbc:BaseAmount>
        </cac:AllowanceCharge>
        <cac:TaxTotal>
            <cbc:TaxAmount currencyID="PEN">699.35</cbc:TaxAmount>
            <cac:TaxSubtotal>
                <cbc:TaxableAmount currencyID="PEN">3885.25</cbc:TaxableAmount>
                <cbc:TaxAmount currencyID="PEN">699.35</cbc:TaxAmount>
                <cac:TaxCategory>
                    <cbc:ID schemeAgencyName="United Nations Economic Commission for Europe" schemeID="UN/ECE 5305" schemeName="Tax Category Identifier">S</cbc:ID>
                    <cbc:Percent>18.00</cbc:Percent>
                    <cbc:TaxExemptionReasonCode listAgencyName="PE:SUNAT" listName="Afectacion del IGV" listURI="urn:pe:gob:sunat:cpe:see:gem:catalogos:catalogo07">10</cbc:TaxExemptionReasonCode>
                    <cac:TaxScheme>
                        <cbc:ID schemeAgencyName="PE:SUNAT" schemeName="Codigo de tributos" schemeURI="urn:pe:gob:sunat:cpe:see:gem:catalogos:catalogo05">1000</cbc:ID>
                        <cbc:Name>IGV</cbc:Name>
                        <cbc:TaxTypeCode>VAT</cbc:TaxTypeCode>
                    </cac:TaxScheme>
                </cac:TaxCategory>
            </cac:TaxSubtotal>
        </cac:TaxTotal>
        <cac:Item>
            <cbc:Description>PATCH CORDON DIXON  CAT 6 NEGRO</cbc:Description>
            <cac:SellersItemIdentification>
                <cbc:ID>0080630075</cbc:ID>
            </cac:SellersItemIdentification>
        </cac:Item>
        <cac:Price>
            <cbc:PriceAmount currencyID="PEN">11.9915000000</cbc:PriceAmount>
        </cac:Price>
    </cac:InvoiceLine>
    <cac:InvoiceLine>
        <cbc:ID>4</cbc:ID>
        <cbc:Note>UND</cbc:Note>
        <cbc:InvoicedQuantity unitCode="NIU" unitCodeListAgencyName="United Nations Economic Commission for Europe" unitCodeListID="UN/ECE rec 20">105.0000000000</cbc:InvoicedQuantity>
        <cbc:LineExtensionAmount currencyID="PEN">944.36</cbc:LineExtensionAmount>
        <cac:PricingReference>
            <cac:AlternativeConditionPrice>
                <cbc:PriceAmount currencyID="PEN">10.610000</cbc:PriceAmount>
                <cbc:PriceTypeCode listAgencyName="PE:SUNAT" listName="Tipo de Precio" listURI="urn:pe:gob:sunat:cpe:see:gem:catalogos:catalogo16">01</cbc:PriceTypeCode>
            </cac:AlternativeConditionPrice>
        </cac:PricingReference>
        <cac:AllowanceCharge>
            <cbc:ChargeIndicator>false</cbc:ChargeIndicator>
            <cbc:AllowanceChargeReasonCode listAgencyName="PE:SUNAT" listName="Cargo/descuento" listURI="urn:pe:gob:sunat:cpe:see:gem:catalogos:catalogo53">00</cbc:AllowanceChargeReasonCode>
            <cbc:MultiplierFactorNumeric>0.28000</cbc:MultiplierFactorNumeric>
            <cbc:Amount currencyID="PEN">367.25</cbc:Amount>
            <cbc:BaseAmount currencyID="PEN">1311.61</cbc:BaseAmount>
        </cac:AllowanceCharge>
        <cac:TaxTotal>
            <cbc:TaxAmount currencyID="PEN">169.98</cbc:TaxAmount>
            <cac:TaxSubtotal>
                <cbc:TaxableAmount currencyID="PEN">944.36</cbc:TaxableAmount>
                <cbc:TaxAmount currencyID="PEN">169.98</cbc:TaxAmount>
                <cac:TaxCategory>
                    <cbc:ID schemeAgencyName="United Nations Economic Commission for Europe" schemeID="UN/ECE 5305" schemeName="Tax Category Identifier">S</cbc:ID>
                    <cbc:Percent>18.00</cbc:Percent>
                    <cbc:TaxExemptionReasonCode listAgencyName="PE:SUNAT" listName="Afectacion del IGV" listURI="urn:pe:gob:sunat:cpe:see:gem:catalogos:catalogo07">10</cbc:TaxExemptionReasonCode>
                    <cac:TaxScheme>
                        <cbc:ID schemeAgencyName="PE:SUNAT" schemeName="Codigo de tributos" schemeURI="urn:pe:gob:sunat:cpe:see:gem:catalogos:catalogo05">1000</cbc:ID>
                        <cbc:Name>IGV</cbc:Name>
                        <cbc:TaxTypeCode>VAT</cbc:TaxTypeCode>
                    </cac:TaxScheme>
                </cac:TaxCategory>
            </cac:TaxSubtotal>
        </cac:TaxTotal>
        <cac:Item>
            <cbc:Description>PATCH CORDON DIXON  CAT 6 NEGRO</cbc:Description>
            <cac:SellersItemIdentification>
                <cbc:ID>0080630075</cbc:ID>
            </cac:SellersItemIdentification>
        </cac:Item>
        <cac:Price>
            <cbc:PriceAmount currencyID="PEN">12.4915000000</cbc:PriceAmount>
        </cac:Price>
    </cac:InvoiceLine>
</Invoice>