<?xml version="1.0" encoding="UTF-8"?><ar:ApplicationResponse xmlns:ar="urn:oasis:names:specification:ubl:schema:xsd:ApplicationResponse-2" xmlns:cac="urn:oasis:names:specification:ubl:schema:xsd:CommonAggregateComponents-2" xmlns:cbc="urn:oasis:names:specification:ubl:schema:xsd:CommonBasicComponents-2" xmlns:ext="urn:oasis:names:specification:ubl:schema:xsd:CommonExtensionComponents-2">
    <ext:UBLExtensions>
        <ext:UBLExtension>
            <ext:ExtensionContent><ds:Signature xmlns:ds="http://www.w3.org/2000/09/xmldsig#" Id="signatureKG">
<ds:SignedInfo>
<ds:CanonicalizationMethod Algorithm="http://www.w3.org/TR/2001/REC-xml-c14n-20010315"/>
<ds:SignatureMethod Algorithm="http://www.w3.org/2000/09/xmldsig#rsa-sha1"/>
<ds:Reference URI="">
<ds:Transforms>
<ds:Transform Algorithm="http://www.w3.org/2000/09/xmldsig#enveloped-signature"/>
<ds:Transform Algorithm="http://www.w3.org/TR/2001/REC-xml-c14n-20010315#WithComments"/>
</ds:Transforms>
<ds:DigestMethod Algorithm="http://www.w3.org/2000/09/xmldsig#sha1"/>
<ds:DigestValue>qEQ4NDqshhHMM8fHrB7CNZoyL/o=</ds:DigestValue>
</ds:Reference>
</ds:SignedInfo>
<ds:SignatureValue>
ZAO/cG3dXf8R4sxXGdNuatdWHvY5uaV2vApckqi+lBKsSGfD+uMl/v/q1nMd/5JM/XGLKeymB9bA&#13;
0yBKt5wwVbca7hXuaED12pEZuxb2LzkXTczsSmg8gVldroUGHvA7MprnrE/tWBzbo6eOFC42uaEq&#13;
TtCNoSCj55H+99KhGkFf8Ic90GtvojuIHKFknLPk1cAZ45+WihKnCTt67EKeFhmF1zF+x4WNRSoN&#13;
+rkTCF4sHe3UUqj6T7ICthhBzPXESwdosgkrq9Ngc4VR3cygzGK5JtMMuLVZfQWYmUT0C7bU9Cfv&#13;
R4l0vtHvmud7LaIayryze+KsiWmG1GzrEUzFTA==
</ds:SignatureValue>
<ds:KeyInfo>
<ds:X509Data>
<ds:X509Certificate>
MIIDaTCCAlGgAwIBAgIEKWjkIzANBgkqhkiG9w0BAQsFADBlMRQwEgYDVQQDEwsyMDExMjgxMTA5&#13;
NjEUMBIGA1UECxMLMjAxMTI4MTEwOTYxDDAKBgNVBAoTA1RDSTENMAsGA1UEBxMETGltYTENMAsG&#13;
A1UECBMETGltYTELMAkGA1UEBhMCUEUwHhcNMTcwOTA4MjAzNDI4WhcNMjcwOTA2MjAzNDI4WjBl&#13;
MRQwEgYDVQQDEwsyMDExMjgxMTA5NjEUMBIGA1UECxMLMjAxMTI4MTEwOTYxDDAKBgNVBAoTA1RD&#13;
STENMAsGA1UEBxMETGltYTENMAsGA1UECBMETGltYTELMAkGA1UEBhMCUEUwggEiMA0GCSqGSIb3&#13;
DQEBAQUAA4IBDwAwggEKAoIBAQCWP/HIX67nHgCPTiauWejqPjeKmaHU4fPmRi5oDfefZOOePs2m&#13;
3QxcFDZ/W/PzgSu0l1qBeiXDYaDFuhvSvSgk8nL/cryQ+3oMh2daxWCXNHzGqjpeMDjgvJJUXyp6&#13;
L+Xc4b5Tx7u7NTMu5xY+qWOy0rMP8HgfMfwATElcAQYAHp1WYmBx1DuOMBOWobQoMkTxWXup+hGc&#13;
RMluR9YaCj7WrTwYCZ52uJ8nTTumcwlgs4WI8RrVFU/qTYXwBFs5GHlT2xxO6sabuhLws5EAODDs&#13;
zt6+i0xyrqb0xmcLXz6jQiKlPy2tjhChWS7UcskGCTEsAdAv1vq5LIlArGKZprvTAgMBAAGjITAf&#13;
MB0GA1UdDgQWBBT6WRCyIZ9pEdHEdjvyIQvS7UuDBDANBgkqhkiG9w0BAQsFAAOCAQEAA53UvXaX&#13;
sEq0SOsLU8/MUln2jOZ1d+WJIML07m1AKiK7MCIhzRONW94Dhx8UFP2ZYa6tD3es0DIn/PXAwyQx&#13;
2dRWa4H9wmrse1EezT7PCDvcOYOZUsfip3gpVJiTDQCx5Aq5OeqicP9MgnUM+guo0FwFLm9jt+4W&#13;
jqwADqGY1sHFif2kmvn/RF8fuO3eSE7RcAM6XlOqjTqymWDh+oDyJMzqqcclot/7T67n0MsY5jCn&#13;
zItYwC3dOAijYjgUqkNdao8p1ql1DfbdmGwo/VocJi2EFyXRerNVIN60yMBcKxSbi0BzQmWqy59k&#13;
nzEME/F9KVQly7mVkHBKAL04fOxC5Q==
</ds:X509Certificate>
<ds:X509SubjectName>C=PE,ST=Lima,L=Lima,O=TCI,OU=20112811096,CN=20112811096</ds:X509SubjectName>
</ds:X509Data>
</ds:KeyInfo>
</ds:Signature></ext:ExtensionContent>
        </ext:UBLExtension>
    </ext:UBLExtensions>
    <cbc:UBLVersionID>2.1</cbc:UBLVersionID>
    <cbc:CustomizationID>1.0</cbc:CustomizationID>
    <cbc:ID>64fb6dbb-3a03-4e4f-f257-83eb6d5bf3c6</cbc:ID>
    <cbc:IssueDate>2023-09-08</cbc:IssueDate>
    <cbc:IssueTime>13:53:47.31100</cbc:IssueTime>
    <cbc:ResponseDate>2023-09-08</cbc:ResponseDate>
    <cbc:ResponseTime>13:53:47.31100</cbc:ResponseTime>
    <cac:SenderParty>
        <cac:PartyLegalEntity>
            <cbc:CompanyID schemeAgencyName="PE:SUNAT" schemeID="6" schemeURI="urn:pe:gob:sunat:cpe:see:gem:catalogos:catalogo6">20510910517</cbc:CompanyID>
        </cac:PartyLegalEntity>
    </cac:SenderParty>
    <cac:ReceiverParty>
        <cac:PartyLegalEntity>
            <cbc:CompanyID schemeAgencyName="PE:SUNAT" schemeID="6" schemeURI="urn:pe:gob:sunat:cpe:see:gem:catalogos:catalogo6">20112811096</cbc:CompanyID>
        </cac:PartyLegalEntity>
    </cac:ReceiverParty>
    <cac:DocumentResponse>
        <cac:Response>
            <cbc:ResponseCode listAgencyName="PE:SUNAT">0</cbc:ResponseCode>
            <cbc:Description>La Factura número F999-10002061, ha sido aceptada.</cbc:Description>
        </cac:Response>
        <cac:DocumentReference>
            <cbc:ID>F999-10002061</cbc:ID>
            <cbc:IssueDate>2023-09-08</cbc:IssueDate>
            <cbc:IssueTime>13:53:44</cbc:IssueTime>
            <cbc:DocumentTypeCode>01</cbc:DocumentTypeCode>
            <cac:Attachment>
                <cac:ExternalReference>
                    <cbc:DocumentHash>yLaFEVYOr7lu7NaX7fO7wVowCvY=</cbc:DocumentHash>
                </cac:ExternalReference>
            </cac:Attachment>
        </cac:DocumentReference>
        <cac:IssuerParty>
            <cac:PartyLegalEntity>
                <cbc:CompanyID schemeID="6">20510910517</cbc:CompanyID>
            </cac:PartyLegalEntity>
        </cac:IssuerParty>
        <cac:RecipientParty>
            <cac:PartyLegalEntity>
                <cbc:CompanyID schemeID="6">10740698341</cbc:CompanyID>
            </cac:PartyLegalEntity>
        </cac:RecipientParty>
    </cac:DocumentResponse>
</ar:ApplicationResponse>