<?xml version="1.0" encoding="UTF-8"?><VoidedDocuments xmlns="urn:sunat:names:specification:ubl:peru:schema:xsd:VoidedDocuments-1" xmlns:cac="urn:oasis:names:specification:ubl:schema:xsd:CommonAggregateComponents-2" xmlns:cbc="urn:oasis:names:specification:ubl:schema:xsd:CommonBasicComponents-2" xmlns:ext="urn:oasis:names:specification:ubl:schema:xsd:CommonExtensionComponents-2" xmlns:ns6="urn:oasis:names:specification:ubl:schema:xsd:SignatureBasicComponents-2" xmlns:ns7="http://www.w3.org/2000/09/xmldsig#" xmlns:ns8="urn:oasis:names:specification:ubl:schema:xsd:SignatureAggregateComponents-2" xmlns:ns9="urn:oasis:names:specification:ubl:schema:xsd:CommonSignatureComponents-2" xmlns:sac="urn:sunat:names:specification:ubl:peru:schema:xsd:SunatAggregateComponents-1">
    <ext:UBLExtensions>
        <ext:UBLExtension>
            <ext:ExtensionContent><ds:Signature xmlns:ds="http://www.w3.org/2000/09/xmldsig#" Id="signer20510910517"><ds:SignedInfo><ds:CanonicalizationMethod Algorithm="http://www.w3.org/TR/2001/REC-xml-c14n-20010315"/><ds:SignatureMethod Algorithm="http://www.w3.org/2000/09/xmldsig#rsa-sha1"/><ds:Reference URI=""><ds:Transforms><ds:Transform Algorithm="http://www.w3.org/2000/09/xmldsig#enveloped-signature"/></ds:Transforms><ds:DigestMethod Algorithm="http://www.w3.org/2000/09/xmldsig#sha1"/><ds:DigestValue>woXdAI7xIfNMrpnY53zRbapuw28=</ds:DigestValue></ds:Reference></ds:SignedInfo><ds:SignatureValue>WXwOF5arhzUgK4x1PmU3c2MKhIIxYtj2aZ7vt/1rrmVNt+uEpER+JQZ1DC+LWJfj0TgAFGQ8Wts9&#13;
IPR4m4uiUyzei4fndXzfom9FMQx+bkb5rA9WtIVuHJryeGaak+gatKnuo8G/8tpJT7xKF8m1NpFs&#13;
+uIQNvVbecXewowG9RA=</ds:SignatureValue><ds:KeyInfo><ds:X509Data><ds:X509Certificate>MIID+TCCAuGgAwIBAgIKYZQ4RwAAAAAA0jANBgkqhkiG9w0BAQUFADAnMRUwEwYKCZImiZPyLGQB&#13;
GRYFU1VOQVQxDjAMBgNVBAMTBVNVTkFUMB4XDTEzMDUxNzE4MTUwM1oXDTE0MDUxNzE4MjUwM1ow&#13;
gaQxCzAJBgNVBAYTAlBFMQ0wCwYDVQQIEwRMSU1BMQ0wCwYDVQQHEwRMSU1BMSUwIwYDVQQKExxB&#13;
TEZBMUxBQiBMQVRJTiBBTUVSSUNBIFMuQS5DMRQwEgYDVQQLEwsyMDUxODQyMDgxMTEXMBUGA1UE&#13;
AxMOSm9yZ2UgUmVhdGVndWkxITAfBgkqhkiG9w0BCQEWEmpvcmdlQGFsZmExbGFiLmNvbTCBnzAN&#13;
BgkqhkiG9w0BAQEFAAOBjQAwgYkCgYEAtwMhq+qBQF2Cl1T2ojBkWAaCgEomO9Uu3n0NjNdYzL2h&#13;
Jr5rXu3GmVtj7GW8yYKmInfj3zg0joqtCqvVMF77ptXXnuP85O7r54OcRxiSybmszphQDc8sLl1H&#13;
DdXLFgRhcIxpvpLAtGGwloeaIMLq4PuaOS30jVEgeTxmATYD1osCAwEAAaOCASswggEnMA4GA1Ud&#13;
DwEB/wQEAwIE8DBEBgkqhkiG9w0BCQ8ENzA1MA4GCCqGSIb3DQMCAgIAgDAOBggqhkiG9w0DBAIC&#13;
AIAwBwYFKw4DAgcwCgYIKoZIhvcNAwcwHQYDVR0OBBYEFJvm9VgC1BIcMMheUtOtipSKTMO8MBMG&#13;
A1UdJQQMMAoGCCsGAQUFBwMCMB8GA1UdIwQYMBaAFN9kHQDqWONmozw3xdNSIMFW2t+7MDMGA1Ud&#13;
HwQsMCowKKAmoCSGImh0dHA6Ly9wY2IyMjYvQ2VydEVucm9sbC9TVU5BVC5jcmwwRQYIKwYBBQUH&#13;
AQEEOTA3MDUGCCsGAQUFBzAChilodHRwOi8vcGNiMjI2L0NlcnRFbnJvbGwvcGNiMjI2X1NVTkFU&#13;
LmNydDANBgkqhkiG9w0BAQUFAAOCAQEAmr097s/nQw3Ji63oHXsKYA2IunGghE3PuYs/B/qNnauQ&#13;
Ah8g1MjROtvZHImMH5FSn6s5MibxjcAMcbsaoZfE4JbSbbb1NhdRLN7Gi40qTXZktQOYY5fwm1dc&#13;
1wJYGjT+0mmXCjzOJC73mJXnCG2xd1v1cFSjkyDpEqxWyYISxM3s11cASJuYEEtgCqnprnLVq5Xt&#13;
PLGeeIBnzjEZsVjkYEiqo4SC0MjxyQlNw9wzhSj61fVbd5bXCWGIATN6RvPVfyb1sfblbv3hIBOI&#13;
4w0decjmWPe43r7G1TbcUaaPkm0PVAv/qIBGu9zUwv6DPNKNPHoJ/elM9MddpRgEj6O35w==</ds:X509Certificate></ds:X509Data></ds:KeyInfo></ds:Signature></ext:ExtensionContent>
        </ext:UBLExtension>
    </ext:UBLExtensions>
    <cbc:UBLVersionID>2.0</cbc:UBLVersionID>
    <cbc:CustomizationID>1.0</cbc:CustomizationID>
    <cbc:ID>RA-20230906-00013</cbc:ID>
    <cbc:ReferenceDate>2023-09-06</cbc:ReferenceDate>
    <cbc:IssueDate>2023-09-06</cbc:IssueDate>
    <cac:Signature>
        <cbc:ID>signer20510910517</cbc:ID>
        <cac:SignatoryParty>
            <cac:PartyIdentification>
                <cbc:ID>20510910517</cbc:ID>
            </cac:PartyIdentification>
            <cac:PartyName>
                <cbc:Name>PRUEBAS CDR OBSERVADOS</cbc:Name>
            </cac:PartyName>
        </cac:SignatoryParty>
        <cac:DigitalSignatureAttachment>
            <cac:ExternalReference>
                <cbc:URI>#signer20510910517</cbc:URI>
            </cac:ExternalReference>
        </cac:DigitalSignatureAttachment>
    </cac:Signature>
    <cac:AccountingSupplierParty>
        <cbc:CustomerAssignedAccountID>20510910517</cbc:CustomerAssignedAccountID>
        <cbc:AdditionalAccountID>6</cbc:AdditionalAccountID>
        <cac:Party>
            <cac:PartyName>
                <cbc:Name>FE PRUEBA</cbc:Name>
            </cac:PartyName>
            <cac:PartyLegalEntity>
                <cbc:RegistrationName>PRUEBAS CDR OBSERVADOS</cbc:RegistrationName>
            </cac:PartyLegalEntity>
        </cac:Party>
    </cac:AccountingSupplierParty>
    <sac:VoidedDocumentsLine>
        <cbc:LineID>1</cbc:LineID>
        <cbc:DocumentTypeCode>01</cbc:DocumentTypeCode>
        <sac:DocumentSerialID>F999</sac:DocumentSerialID>
        <sac:DocumentNumberID>10002054</sac:DocumentNumberID>
        <sac:VoidReasonDescription xmlns:xsi="http://www.w3.org/2001/XMLSchema-instance" xsi:type="cbc:TextType">asd</sac:VoidReasonDescription>
    </sac:VoidedDocumentsLine>
</VoidedDocuments>